<?xml version="1.0" encoding="UTF-8"?>
<project-private xmlns="http://www.netbeans.org/ns/project-private/1">
    <editor-bookmarks xmlns="http://www.netbeans.org/ns/editor-bookmarks/2" lastBookmarkId="0"/>
    <open-files xmlns="http://www.netbeans.org/ns/projectui-open-files/2">
        <group>
            <file>file:/C:/Users/Vu%20Pham/Documents/NetBeansProjects/java_system/src/java_system/systemAdmin.java</file>
            <file>file:/C:/Users/Vu%20Pham/Documents/NetBeansProjects/java_system/src/java_system/officeManager.java</file>
            <file>file:/C:/Users/Vu%20Pham/Documents/NetBeansProjects/java_system/src/java_system/travelAd.java</file>
            <file>file:/C:/Users/Vu%20Pham/Documents/NetBeansProjects/java_system/src/java_system/loginFrame.java</file>
            <file>file:/C:/Users/Vu%20Pham/Documents/NetBeansProjects/java_system/src/java_system/Java_system.java</file>
        </group>
    </open-files>
</project-private>
